m,mbs,tp,pp,dp,dp method,overlap_comm,node placement,partition,estimated time (s/step),pipeline time,DP all-reduce time,Emb layer all-reduce time,is_oom,gpumem,train_cost,price_per_step,exp_partition,A6000,rank,real_rank
1,1,1,1,64,zero0,False,"['A6000', 'A6000', 'A6000', 'A6000', 'A6000', 'A6000', 'A6000', 'A6000', 'A6000', 'A6000', 'A6000', 'A6000', 'A6000', 'A6000', 'A6000', 'A6000']",[42],9.700740814208984,6.354500770568848,3.3462398052215576,0.0,True,261.327392578125,8730733.560113695,0.6984586848090956,41-41,16,1,0
1,1,1,1,64,zero1,False,"['A6000', 'A6000', 'A6000', 'A6000', 'A6000', 'A6000', 'A6000', 'A6000', 'A6000', 'A6000', 'A6000', 'A6000', 'A6000', 'A6000', 'A6000', 'A6000']",[42],9.700740814208984,6.354500770568848,3.3462398052215576,0.0,True,101.61548614501953,8730733.560113695,0.6984586848090956,41-41,16,1,0
1,1,1,1,64,zero2,False,"['A6000', 'A6000', 'A6000', 'A6000', 'A6000', 'A6000', 'A6000', 'A6000', 'A6000', 'A6000', 'A6000', 'A6000', 'A6000', 'A6000', 'A6000', 'A6000']",[42],9.700740814208984,6.354500770568848,3.3462398052215576,0.0,True,101.61548614501953,8730733.560113695,0.6984586848090956,41-41,16,1,0
2,1,2,1,32,zero1,False,"['A6000', 'A6000', 'A6000', 'A6000', 'A6000', 'A6000', 'A6000', 'A6000', 'A6000', 'A6000', 'A6000', 'A6000', 'A6000', 'A6000', 'A6000', 'A6000']",[42],10.000273704528809,8.332548141479492,1.6677252054214478,0.0,True,56.557491302490234,9000315.224850336,0.7200252179880269,41-41,16,4,0
1,2,2,1,32,zero0,False,"['A6000', 'A6000', 'A6000', 'A6000', 'A6000', 'A6000', 'A6000', 'A6000', 'A6000', 'A6000', 'A6000', 'A6000', 'A6000', 'A6000', 'A6000', 'A6000']",[42],10.000273704528809,8.332548141479492,1.6677252054214478,0.0,True,165.38621520996094,9000315.224850336,0.7200252179880269,41-41,16,4,0
2,1,2,1,32,zero0,False,"['A6000', 'A6000', 'A6000', 'A6000', 'A6000', 'A6000', 'A6000', 'A6000', 'A6000', 'A6000', 'A6000', 'A6000', 'A6000', 'A6000', 'A6000', 'A6000']",[42],10.000273704528809,8.332548141479492,1.6677252054214478,0.0,True,134.96434020996094,9000315.224850336,0.7200252179880269,41-41,16,4,0
1,2,2,1,32,zero2,False,"['A6000', 'A6000', 'A6000', 'A6000', 'A6000', 'A6000', 'A6000', 'A6000', 'A6000', 'A6000', 'A6000', 'A6000', 'A6000', 'A6000', 'A6000', 'A6000']",[42],10.000273704528809,8.332548141479492,1.6677252054214478,0.0,True,86.9793701171875,9000315.224850336,0.7200252179880269,41-41,16,4,0
1,2,2,1,32,zero1,False,"['A6000', 'A6000', 'A6000', 'A6000', 'A6000', 'A6000', 'A6000', 'A6000', 'A6000', 'A6000', 'A6000', 'A6000', 'A6000', 'A6000', 'A6000', 'A6000']",[42],10.000273704528809,8.332548141479492,1.6677252054214478,0.0,True,86.9793701171875,9000315.224850336,0.7200252179880269,41-41,16,4,0
4,1,4,1,16,zero1,False,"['A6000', 'A6000', 'A6000', 'A6000', 'A6000', 'A6000', 'A6000', 'A6000', 'A6000', 'A6000', 'A6000', 'A6000', 'A6000', 'A6000', 'A6000', 'A6000']",[42],10.76430606842041,9.936861991882324,0.8274437785148621,0.0,False,34.028648376464844,9687949.61568684,0.7750359692549471,41-41,16,9,1
2,2,4,1,16,zero1,False,"['A6000', 'A6000', 'A6000', 'A6000', 'A6000', 'A6000', 'A6000', 'A6000', 'A6000', 'A6000', 'A6000', 'A6000', 'A6000', 'A6000', 'A6000', 'A6000']",[42],10.76430606842041,9.936861991882324,0.8274437785148621,0.0,True,53.536460876464844,9687949.61568684,0.7750359692549471,41-41,16,9,0
1,4,4,1,16,zero1,False,"['A6000', 'A6000', 'A6000', 'A6000', 'A6000', 'A6000', 'A6000', 'A6000', 'A6000', 'A6000', 'A6000', 'A6000', 'A6000', 'A6000', 'A6000', 'A6000']",[42],10.76430606842041,9.936861991882324,0.8274437785148621,0.0,True,92.55208587646484,9687949.61568684,0.7750359692549471,41-41,16,9,0
1,4,4,1,16,zero2,False,"['A6000', 'A6000', 'A6000', 'A6000', 'A6000', 'A6000', 'A6000', 'A6000', 'A6000', 'A6000', 'A6000', 'A6000', 'A6000', 'A6000', 'A6000', 'A6000']",[42],10.76430606842041,9.936861991882324,0.8274437785148621,0.0,True,92.55208587646484,9687949.61568684,0.7750359692549471,41-41,16,9,0
1,4,4,1,16,zero0,False,"['A6000', 'A6000', 'A6000', 'A6000', 'A6000', 'A6000', 'A6000', 'A6000', 'A6000', 'A6000', 'A6000', 'A6000', 'A6000', 'A6000', 'A6000', 'A6000']",[42],10.76430606842041,9.936861991882324,0.8274437785148621,0.0,True,130.30625915527344,9687949.61568684,0.7750359692549471,41-41,16,9,0
2,2,4,1,16,zero0,False,"['A6000', 'A6000', 'A6000', 'A6000', 'A6000', 'A6000', 'A6000', 'A6000', 'A6000', 'A6000', 'A6000', 'A6000', 'A6000', 'A6000', 'A6000', 'A6000']",[42],10.76430606842041,9.936861991882324,0.8274437785148621,0.0,True,91.29063415527344,9687949.61568684,0.7750359692549471,41-41,16,9,0
4,1,4,1,16,zero0,False,"['A6000', 'A6000', 'A6000', 'A6000', 'A6000', 'A6000', 'A6000', 'A6000', 'A6000', 'A6000', 'A6000', 'A6000', 'A6000', 'A6000', 'A6000', 'A6000']",[42],10.76430606842041,9.936861991882324,0.8274437785148621,0.0,True,71.78282165527344,9687949.61568684,0.7750359692549471,41-41,16,9,0
2,1,2,1,32,zero2,False,"['A6000', 'A6000', 'A6000', 'A6000', 'A6000', 'A6000', 'A6000', 'A6000', 'A6000', 'A6000', 'A6000', 'A6000', 'A6000', 'A6000', 'A6000', 'A6000']",[42],10.834136009216309,8.332548141479492,2.5015878677368164,0.0,True,56.557491302490234,9750797.043453852,0.7800637634763081,41-41,16,16,0
2,2,4,1,16,zero2,False,"['A6000', 'A6000', 'A6000', 'A6000', 'A6000', 'A6000', 'A6000', 'A6000', 'A6000', 'A6000', 'A6000', 'A6000', 'A6000', 'A6000', 'A6000', 'A6000']",[42],11.178028106689453,9.936861991882324,1.2411656379699707,0.0,True,53.536460876464844,10060302.30021413,0.8048241840171304,41-41,16,17,0
2,1,1,2,32,zero0,False,"['A6000', 'A6000', 'A6000', 'A6000', 'A6000', 'A6000', 'A6000', 'A6000', 'A6000', 'A6000', 'A6000', 'A6000', 'A6000', 'A6000', 'A6000', 'A6000']","[21, 21]",11.589197158813477,9.834090418617489,1.6677258014678955,0.08738133311271667,True,169.8511962890625,10430357.279623665,0.8344285823698933,20-20,16,18,0
2,1,1,2,32,zero1,False,"['A6000', 'A6000', 'A6000', 'A6000', 'A6000', 'A6000', 'A6000', 'A6000', 'A6000', 'A6000', 'A6000', 'A6000', 'A6000', 'A6000', 'A6000', 'A6000']","[21, 21]",11.589197158813477,9.834090418617489,1.6677258014678955,0.08738133311271667,True,91.4471664428711,10430357.279623665,0.8344285823698933,20-20,16,18,0
4,1,2,2,16,zero1,False,"['A6000', 'A6000', 'A6000', 'A6000', 'A6000', 'A6000', 'A6000', 'A6000', 'A6000', 'A6000', 'A6000', 'A6000', 'A6000', 'A6000', 'A6000', 'A6000']","[21, 21]",11.770316123962402,10.899181569162478,0.8274440765380859,0.04369066655635834,True,52.5471305847168,10593365.595966125,0.84746924767729,20-20,16,20,0
4,1,2,2,16,zero0,False,"['A6000', 'A6000', 'A6000', 'A6000', 'A6000', 'A6000', 'A6000', 'A6000', 'A6000', 'A6000', 'A6000', 'A6000', 'A6000', 'A6000', 'A6000', 'A6000']","[21, 21]",11.770316123962402,10.899181569162478,0.8274440765380859,0.04369066655635834,True,90.29857635498047,10593365.595966125,0.84746924767729,20-20,16,20,0
4,1,4,1,16,zero2,False,"['A6000', 'A6000', 'A6000', 'A6000', 'A6000', 'A6000', 'A6000', 'A6000', 'A6000', 'A6000', 'A6000', 'A6000', 'A6000', 'A6000', 'A6000', 'A6000']",[42],12.005471229553223,9.936861991882324,2.0686094760894775,0.0,False,34.028648376464844,10805006.810955258,0.8644005448764207,41-41,16,22,2
4,1,1,4,16,zero1,False,"['A6000', 'A6000', 'A6000', 'A6000', 'A6000', 'A6000', 'A6000', 'A6000', 'A6000', 'A6000', 'A6000', 'A6000', 'A6000', 'A6000', 'A6000', 'A6000']","[11, 10, 10, 11]",12.364790916442871,11.449965589381243,0.8274438381195068,0.08738133311271667,True,86.78262329101562,11128397.00446934,0.8902717603575472,10-10-10-10,16,23,0
4,1,1,4,16,zero0,False,"['A6000', 'A6000', 'A6000', 'A6000', 'A6000', 'A6000', 'A6000', 'A6000', 'A6000', 'A6000', 'A6000', 'A6000', 'A6000', 'A6000', 'A6000', 'A6000']","[11, 10, 10, 11]",12.364790916442871,11.449965589381243,0.8274438381195068,0.08738133311271667,True,125.62371826171875,11128397.00446934,0.8902717603575472,10-10-10-10,16,23,0
8,1,2,4,8,zero0,False,"['A6000', 'A6000', 'A6000', 'A6000', 'A6000', 'A6000', 'A6000', 'A6000', 'A6000', 'A6000', 'A6000', 'A6000', 'A6000', 'A6000', 'A6000', 'A6000']","[11, 10, 10, 11]",12.419973373413086,11.971027347926228,0.40525516867637634,0.04369066655635834,True,68.72100830078125,11178061.595888348,0.8942449276710679,10-10-10-10,16,25,0
8,1,2,4,8,zero1,False,"['A6000', 'A6000', 'A6000', 'A6000', 'A6000', 'A6000', 'A6000', 'A6000', 'A6000', 'A6000', 'A6000', 'A6000', 'A6000', 'A6000', 'A6000', 'A6000']","[11, 10, 10, 11]",12.419973373413086,11.971027347926228,0.40525516867637634,0.04369066655635834,True,50.79372024536133,11178061.595888348,0.8942449276710679,10-10-10-10,16,25,0
8,1,4,2,8,zero0,False,"['A6000', 'A6000', 'A6000', 'A6000', 'A6000', 'A6000', 'A6000', 'A6000', 'A6000', 'A6000', 'A6000', 'A6000', 'A6000', 'A6000', 'A6000', 'A6000']","[21, 21]",12.464990615844727,12.037890836652462,0.4052552580833435,0.02184533327817917,True,50.52227020263672,11218577.424195606,0.8974861939356485,20-20,16,27,0
8,1,4,2,8,zero1,False,"['A6000', 'A6000', 'A6000', 'A6000', 'A6000', 'A6000', 'A6000', 'A6000', 'A6000', 'A6000', 'A6000', 'A6000', 'A6000', 'A6000', 'A6000', 'A6000']","[21, 21]",12.464990615844727,12.037890836652462,0.4052552580833435,0.02184533327817917,False,33.097267150878906,11218577.424195606,0.8974861939356485,20-20,16,27,3
16,1,2,8,4,zero0,False,"['A6000', 'A6000', 'A6000', 'A6000', 'A6000', 'A6000', 'A6000', 'A6000', 'A6000', 'A6000', 'A6000', 'A6000', 'A6000', 'A6000', 'A6000', 'A6000']","[6, 5, 5, 5, 5, 5, 5, 6]",12.869215965270996,12.635460637308109,0.19006478786468506,0.04369066655635834,True,57.932220458984375,11582383.023342768,0.9265906418674213,5-5-5-5-5-5-5-5,16,29,0
16,1,2,8,4,zero1,False,"['A6000', 'A6000', 'A6000', 'A6000', 'A6000', 'A6000', 'A6000', 'A6000', 'A6000', 'A6000', 'A6000', 'A6000', 'A6000', 'A6000', 'A6000', 'A6000']","[6, 5, 5, 5, 5, 5, 5, 6]",12.869215965270996,12.635460637308109,0.19006478786468506,0.04369066655635834,True,50.04290008544922,11582383.023342768,0.9265906418674213,5-5-5-5-5-5-5-5,16,29,0
16,1,4,4,4,zero0,False,"['A6000', 'A6000', 'A6000', 'A6000', 'A6000', 'A6000', 'A6000', 'A6000', 'A6000', 'A6000', 'A6000', 'A6000', 'A6000', 'A6000', 'A6000', 'A6000']","[11, 10, 10, 11]",12.872282981872559,12.66037321221622,0.19006477296352386,0.02184533327817917,False,40.269649505615234,11585143.35941251,0.9268114687530008,10-10-10-10,16,31,4
16,1,4,4,4,zero1,False,"['A6000', 'A6000', 'A6000', 'A6000', 'A6000', 'A6000', 'A6000', 'A6000', 'A6000', 'A6000', 'A6000', 'A6000', 'A6000', 'A6000', 'A6000', 'A6000']","[11, 10, 10, 11]",12.872282981872559,12.66037321221622,0.19006477296352386,0.02184533327817917,False,32.79942321777344,11585143.35941251,0.9268114687530008,10-10-10-10,16,31,4
8,1,1,8,8,zero1,False,"['A6000', 'A6000', 'A6000', 'A6000', 'A6000', 'A6000', 'A6000', 'A6000', 'A6000', 'A6000', 'A6000', 'A6000', 'A6000', 'A6000', 'A6000', 'A6000']","[6, 5, 5, 5, 5, 5, 5, 6]",12.878510475158691,12.385873478763113,0.40525516867637634,0.08738133311271667,True,84.57624816894531,11590748.146270538,0.927259851701643,5-5-5-5-5-5-5-5,16,33,0
8,1,1,8,8,zero0,False,"['A6000', 'A6000', 'A6000', 'A6000', 'A6000', 'A6000', 'A6000', 'A6000', 'A6000', 'A6000', 'A6000', 'A6000', 'A6000', 'A6000', 'A6000', 'A6000']","[6, 5, 5, 5, 5, 5, 5, 6]",12.878510475158691,12.385873478763113,0.40525516867637634,0.08738133311271667,True,103.50997161865234,11590748.146270538,0.927259851701643,5-5-5-5-5-5-5-5,16,33,0
16,1,1,16,4,zero0,False,"['A6000', 'A6000', 'A6000', 'A6000', 'A6000', 'A6000', 'A6000', 'A6000', 'A6000', 'A6000', 'A6000', 'A6000', 'A6000', 'A6000', 'A6000', 'A6000']","[4, 3, 2, 3, 3, 3, 3, 3, 3, 2, 2, 2, 2, 2, 2, 3]",12.918035507202148,12.657588230718124,0.17306576669216156,0.08738133311271667,True,110.33949279785156,11626320.947393203,0.9301056757914563,3-3-2-3-3-3-3-3-3-2-2-2-2-2-2-2,16,35,0
16,1,1,16,4,zero1,False,"['A6000', 'A6000', 'A6000', 'A6000', 'A6000', 'A6000', 'A6000', 'A6000', 'A6000', 'A6000', 'A6000', 'A6000', 'A6000', 'A6000', 'A6000', 'A6000']","[4, 3, 2, 3, 3, 3, 3, 3, 3, 2, 2, 2, 2, 2, 2, 3]",12.918035507202148,12.657588230718124,0.17306576669216156,0.08738133311271667,True,100.20123291015625,11626320.947393203,0.9301056757914563,3-3-2-3-3-3-3-3-3-2-2-2-2-2-2-2,16,35,0
32,1,4,8,2,zero1,False,"['A6000', 'A6000', 'A6000', 'A6000', 'A6000', 'A6000', 'A6000', 'A6000', 'A6000', 'A6000', 'A6000', 'A6000', 'A6000', 'A6000', 'A6000', 'A6000']","[6, 5, 5, 5, 5, 5, 5, 6]",13.203681945800781,13.118481631998092,0.0742775946855545,0.010922666639089584,False,32.77638626098633,11883404.709918551,0.950672376793484,5-5-5-5-5-5-5-5,16,37,6
32,1,4,8,2,zero0,False,"['A6000', 'A6000', 'A6000', 'A6000', 'A6000', 'A6000', 'A6000', 'A6000', 'A6000', 'A6000', 'A6000', 'A6000', 'A6000', 'A6000', 'A6000', 'A6000']","[6, 5, 5, 5, 5, 5, 5, 6]",13.203681945800781,13.118481631998092,0.0742775946855545,0.010922666639089584,False,35.143341064453125,11883404.709918551,0.950672376793484,5-5-5-5-5-5-5-5,16,37,6
32,1,2,16,2,zero0,False,"['A6000', 'A6000', 'A6000', 'A6000', 'A6000', 'A6000', 'A6000', 'A6000', 'A6000', 'A6000', 'A6000', 'A6000', 'A6000', 'A6000', 'A6000', 'A6000']","[3, 3, 2, 3, 3, 3, 3, 3, 3, 3, 2, 2, 2, 2, 2, 3]",13.404807090759277,13.333125340418125,0.04983683302998543,0.02184533327817917,True,57.88148880004883,12064418.725909973,0.9651534980727978,2-3-2-3-3-3-3-3-3-3-2-2-2-2-2-2,16,39,0
32,1,2,16,2,zero1,False,"['A6000', 'A6000', 'A6000', 'A6000', 'A6000', 'A6000', 'A6000', 'A6000', 'A6000', 'A6000', 'A6000', 'A6000', 'A6000', 'A6000', 'A6000', 'A6000']","[3, 3, 2, 3, 3, 3, 3, 3, 3, 3, 2, 2, 2, 2, 2, 3]",13.404807090759277,13.333125340418125,0.04983683302998543,0.02184533327817917,True,55.34345626831055,12064418.725909973,0.9651534980727978,2-3-2-3-3-3-3-3-3-3-2-2-2-2-2-2,16,39,0
1,1,1,1,64,zero3,False,"['A6000', 'A6000', 'A6000', 'A6000', 'A6000', 'A6000', 'A6000', 'A6000', 'A6000', 'A6000', 'A6000', 'A6000', 'A6000', 'A6000', 'A6000', 'A6000']",[42],13.51344108581543,10.167201042175293,3.3462398052215576,0.0,True,59.5451545715332,12162190.069828032,0.9729752055862425,41-41,16,41,0
4,2,4,2,8,zero1,False,"['A6000', 'A6000', 'A6000', 'A6000', 'A6000', 'A6000', 'A6000', 'A6000', 'A6000', 'A6000', 'A6000', 'A6000', 'A6000', 'A6000', 'A6000', 'A6000']","[21, 21]",13.793041229248047,13.365940975124962,0.4052552580833435,0.02184533327817917,True,57.482032775878906,12413832.125051709,0.9931065700041367,20-20,16,42,0
4,2,4,2,8,zero0,False,"['A6000', 'A6000', 'A6000', 'A6000', 'A6000', 'A6000', 'A6000', 'A6000', 'A6000', 'A6000', 'A6000', 'A6000', 'A6000', 'A6000', 'A6000', 'A6000']","[21, 21]",13.793041229248047,13.365940975124962,0.4052552580833435,0.02184533327817917,True,74.90703582763672,12413832.125051709,0.9931065700041367,20-20,16,42,0
2,2,2,2,16,zero1,False,"['A6000', 'A6000', 'A6000', 'A6000', 'A6000', 'A6000', 'A6000', 'A6000', 'A6000', 'A6000', 'A6000', 'A6000', 'A6000', 'A6000', 'A6000', 'A6000']","[21, 21]",13.942827224731445,13.071692888434974,0.8274440765380859,0.04369066655635834,True,90.57447814941406,12548640.552845847,1.0038912442276677,20-20,16,44,0
2,2,2,2,16,zero0,False,"['A6000', 'A6000', 'A6000', 'A6000', 'A6000', 'A6000', 'A6000', 'A6000', 'A6000', 'A6000', 'A6000', 'A6000', 'A6000', 'A6000', 'A6000', 'A6000']","[21, 21]",13.942827224731445,13.071692888434974,0.8274440765380859,0.04369066655635834,True,128.325927734375,12548640.552845847,1.0038912442276677,20-20,16,44,0
8,2,4,4,4,zero0,False,"['A6000', 'A6000', 'A6000', 'A6000', 'A6000', 'A6000', 'A6000', 'A6000', 'A6000', 'A6000', 'A6000', 'A6000', 'A6000', 'A6000', 'A6000', 'A6000']","[11, 10, 10, 11]",14.778303146362305,14.566393982252468,0.19006477296352386,0.02184533327817917,True,67.0928955078125,13300574.637814414,1.064045971025153,10-10-10-10,16,46,0
8,2,4,4,4,zero1,False,"['A6000', 'A6000', 'A6000', 'A6000', 'A6000', 'A6000', 'A6000', 'A6000', 'A6000', 'A6000', 'A6000', 'A6000', 'A6000', 'A6000', 'A6000', 'A6000']","[11, 10, 10, 11]",14.778303146362305,14.566393982252468,0.19006477296352386,0.02184533327817917,True,59.62266540527344,13300574.637814414,1.064045971025153,10-10-10-10,16,46,0
1,2,1,2,32,zero1,False,"['A6000', 'A6000', 'A6000', 'A6000', 'A6000', 'A6000', 'A6000', 'A6000', 'A6000', 'A6000', 'A6000', 'A6000', 'A6000', 'A6000', 'A6000', 'A6000']","[21, 21]",14.83991813659668,13.084811152289987,1.6677258014678955,0.08738133311271667,True,91.4471664428711,13356028.553484173,1.0684822842787338,20-20,16,48,0
1,2,1,2,32,zero0,False,"['A6000', 'A6000', 'A6000', 'A6000', 'A6000', 'A6000', 'A6000', 'A6000', 'A6000', 'A6000', 'A6000', 'A6000', 'A6000', 'A6000', 'A6000', 'A6000']","[21, 21]",14.83991813659668,13.084811152289987,1.6677258014678955,0.08738133311271667,True,169.8511962890625,13356028.553484173,1.0684822842787338,20-20,16,48,0
32,1,1,32,2,zero1,False,"['A6000', 'A6000', 'A6000', 'A6000', 'A6000', 'A6000', 'A6000', 'A6000', 'A6000', 'A6000', 'A6000', 'A6000', 'A6000', 'A6000', 'A6000', 'A6000']","[3, 1, 2, 1, 1, 1, 2, 1, 2, 1, 2, 1, 2, 1, 2, 1, 2, 1, 1, 1, 1, 1, 1, 1, 1, 1, 1, 1, 1, 1, 1, 2]",15.112713813781738,14.986416126135934,0.08260700106620789,0.04369066655635834,True,132.87574768066406,13601546.542209836,1.0881237233767869,2-1-2-1-1-1-2-1-2-1-2-1-2-1-2-1-2-1-1-1-1-1-1-1-1-1-1-1-1-1-1-1,16,50,0
32,1,1,32,2,zero0,False,"['A6000', 'A6000', 'A6000', 'A6000', 'A6000', 'A6000', 'A6000', 'A6000', 'A6000', 'A6000', 'A6000', 'A6000', 'A6000', 'A6000', 'A6000', 'A6000']","[3, 1, 2, 1, 1, 1, 2, 1, 2, 1, 2, 1, 2, 1, 2, 1, 2, 1, 1, 1, 1, 1, 1, 1, 1, 1, 1, 1, 1, 1, 1, 2]",15.112713813781738,14.986416126135934,0.08260700106620789,0.04369066655635834,True,137.26673889160156,13601546.542209836,1.0881237233767869,2-1-2-1-1-1-2-1-2-1-2-1-2-1-2-1-2-1-1-1-1-1-1-1-1-1-1-1-1-1-1-1,16,50,0
16,2,4,8,2,zero0,False,"['A6000', 'A6000', 'A6000', 'A6000', 'A6000', 'A6000', 'A6000', 'A6000', 'A6000', 'A6000', 'A6000', 'A6000', 'A6000', 'A6000', 'A6000', 'A6000']","[6, 5, 5, 5, 5, 5, 5, 6]",15.39334774017334,15.308147743416221,0.0742775946855545,0.010922666639089584,True,63.185821533203125,13854119.009218214,1.108329520737457,5-5-5-5-5-5-5-5,16,52,0
16,2,4,8,2,zero1,False,"['A6000', 'A6000', 'A6000', 'A6000', 'A6000', 'A6000', 'A6000', 'A6000', 'A6000', 'A6000', 'A6000', 'A6000', 'A6000', 'A6000', 'A6000', 'A6000']","[6, 5, 5, 5, 5, 5, 5, 6]",15.39334774017334,15.308147743416221,0.0742775946855545,0.010922666639089584,True,60.81886672973633,13854119.009218214,1.108329520737457,5-5-5-5-5-5-5-5,16,52,0
64,1,4,16,1,zero1,False,"['A6000', 'A6000', 'A6000', 'A6000', 'A6000', 'A6000', 'A6000', 'A6000', 'A6000', 'A6000', 'A6000', 'A6000', 'A6000', 'A6000', 'A6000', 'A6000']","[3, 3, 2, 3, 3, 3, 3, 3, 3, 2, 2, 2, 2, 2, 2, 4]",15.549633026123047,15.544171144089042,0.0,0.005461333319544792,False,36.04094314575195,13994776.843204921,1.1195821474563936,2-3-2-3-3-3-3-3-3-2-2-2-2-2-2-3,16,54,8
64,1,4,16,1,zero0,False,"['A6000', 'A6000', 'A6000', 'A6000', 'A6000', 'A6000', 'A6000', 'A6000', 'A6000', 'A6000', 'A6000', 'A6000', 'A6000', 'A6000', 'A6000', 'A6000']","[3, 3, 2, 3, 3, 3, 3, 3, 3, 2, 2, 2, 2, 2, 2, 4]",15.549633026123047,15.544171144089042,0.0,0.005461333319544792,False,36.04094314575195,13994776.843204921,1.1195821474563936,2-3-2-3-3-3-3-3-3-2-2-2-2-2-2-3,16,54,8
4,2,2,4,8,zero0,False,"['A6000', 'A6000', 'A6000', 'A6000', 'A6000', 'A6000', 'A6000', 'A6000', 'A6000', 'A6000', 'A6000', 'A6000', 'A6000', 'A6000', 'A6000', 'A6000']","[11, 10, 10, 11]",15.578657150268555,15.129710845962478,0.40525516867637634,0.04369066655635834,True,110.55108642578125,14020898.754879843,1.1216719003903874,10-10-10-10,16,56,0
4,2,2,4,8,zero1,False,"['A6000', 'A6000', 'A6000', 'A6000', 'A6000', 'A6000', 'A6000', 'A6000', 'A6000', 'A6000', 'A6000', 'A6000', 'A6000', 'A6000', 'A6000', 'A6000']","[11, 10, 10, 11]",15.578657150268555,15.129710845962478,0.40525516867637634,0.04369066655635834,True,92.6238021850586,14020898.754879843,1.1216719003903874,10-10-10-10,16,56,0
2,4,4,2,8,zero0,False,"['A6000', 'A6000', 'A6000', 'A6000', 'A6000', 'A6000', 'A6000', 'A6000', 'A6000', 'A6000', 'A6000', 'A6000', 'A6000', 'A6000', 'A6000', 'A6000']","[21, 21]",16.449140548706055,16.022041252069954,0.4052552580833435,0.02184533327817917,True,123.67656707763672,14804339.810137004,1.1843471848109604,20-20,16,58,0
2,4,4,2,8,zero1,False,"['A6000', 'A6000', 'A6000', 'A6000', 'A6000', 'A6000', 'A6000', 'A6000', 'A6000', 'A6000', 'A6000', 'A6000', 'A6000', 'A6000', 'A6000', 'A6000']","[21, 21]",16.449140548706055,16.022041252069954,0.4052552580833435,0.02184533327817917,True,106.2515640258789,14804339.810137004,1.1843471848109604,20-20,16,58,0
8,2,2,8,4,zero1,False,"['A6000', 'A6000', 'A6000', 'A6000', 'A6000', 'A6000', 'A6000', 'A6000', 'A6000', 'A6000', 'A6000', 'A6000', 'A6000', 'A6000', 'A6000', 'A6000']","[6, 5, 5, 5, 5, 5, 5, 6]",16.520984649658203,16.287230224726233,0.19006478786468506,0.04369066655635834,True,93.77434539794922,14868999.995919969,1.1895199996735975,5-5-5-5-5-5-5-5,16,60,0
8,2,2,8,4,zero0,False,"['A6000', 'A6000', 'A6000', 'A6000', 'A6000', 'A6000', 'A6000', 'A6000', 'A6000', 'A6000', 'A6000', 'A6000', 'A6000', 'A6000', 'A6000', 'A6000']","[6, 5, 5, 5, 5, 5, 5, 6]",16.520984649658203,16.287230224726233,0.19006478786468506,0.04369066655635834,True,101.66365814208984,14868999.995919969,1.1895199996735975,5-5-5-5-5-5-5-5,16,60,0
64,1,2,32,1,zero0,False,"['A6000', 'A6000', 'A6000', 'A6000', 'A6000', 'A6000', 'A6000', 'A6000', 'A6000', 'A6000', 'A6000', 'A6000', 'A6000', 'A6000', 'A6000', 'A6000']","[2, 1, 2, 1, 1, 1, 2, 1, 2, 1, 2, 1, 2, 1, 2, 1, 2, 1, 2, 1, 1, 1, 1, 1, 1, 1, 1, 1, 1, 1, 1, 2]",16.538612365722656,16.527688950535946,0.0,0.010922666639089584,True,72.81227111816406,14884865.06181335,1.1907892049450681,1-1-2-1-1-1-2-1-2-1-2-1-2-1-2-1-2-1-2-1-1-1-1-1-1-1-1-1-1-1-1-1,16,62,0
64,1,2,32,1,zero1,False,"['A6000', 'A6000', 'A6000', 'A6000', 'A6000', 'A6000', 'A6000', 'A6000', 'A6000', 'A6000', 'A6000', 'A6000', 'A6000', 'A6000', 'A6000', 'A6000']","[2, 1, 2, 1, 1, 1, 2, 1, 2, 1, 2, 1, 2, 1, 2, 1, 2, 1, 2, 1, 1, 1, 1, 1, 1, 1, 1, 1, 1, 1, 1, 2]",16.538612365722656,16.527688950535946,0.0,0.010922666639089584,True,72.81227111816406,14884865.06181335,1.1907892049450681,1-1-2-1-1-1-2-1-2-1-2-1-2-1-2-1-2-1-2-1-1-1-1-1-1-1-1-1-1-1-1-1,16,62,0
16,2,2,16,2,zero1,False,"['A6000', 'A6000', 'A6000', 'A6000', 'A6000', 'A6000', 'A6000', 'A6000', 'A6000', 'A6000', 'A6000', 'A6000', 'A6000', 'A6000', 'A6000', 'A6000']","[3, 3, 2, 3, 3, 3, 3, 3, 3, 3, 2, 2, 2, 2, 2, 3]",16.8197078704834,16.74802623283626,0.04983683302998543,0.02184533327817917,True,75.88253021240234,15137852.95253372,1.2110282362026976,2-3-2-3-3-3-3-3-3-3-2-2-2-2-2-2,16,64,0
16,2,2,16,2,zero0,False,"['A6000', 'A6000', 'A6000', 'A6000', 'A6000', 'A6000', 'A6000', 'A6000', 'A6000', 'A6000', 'A6000', 'A6000', 'A6000', 'A6000', 'A6000', 'A6000']","[3, 3, 2, 3, 3, 3, 3, 3, 3, 3, 2, 2, 2, 2, 2, 3]",16.8197078704834,16.74802623283626,0.04983683302998543,0.02184533327817917,True,78.07808685302734,15137852.95253372,1.2110282362026976,2-3-2-3-3-3-3-3-3-3-2-2-2-2-2-2,16,64,0
2,2,1,4,16,zero0,False,"['A6000', 'A6000', 'A6000', 'A6000', 'A6000', 'A6000', 'A6000', 'A6000', 'A6000', 'A6000', 'A6000', 'A6000', 'A6000', 'A6000', 'A6000', 'A6000']","[11, 10, 10, 11]",17.146074295043945,16.23124795781749,0.8274438381195068,0.08738133311271667,True,125.62371826171875,15431584.982940247,1.2345267986352197,10-10-10-10,16,66,0
2,2,1,4,16,zero1,False,"['A6000', 'A6000', 'A6000', 'A6000', 'A6000', 'A6000', 'A6000', 'A6000', 'A6000', 'A6000', 'A6000', 'A6000', 'A6000', 'A6000', 'A6000', 'A6000']","[11, 10, 10, 11]",17.146074295043945,16.23124795781749,0.8274438381195068,0.08738133311271667,True,86.78262329101562,15431584.982940247,1.2345267986352197,10-10-10-10,16,66,0
32,2,4,16,1,zero0,False,"['A6000', 'A6000', 'A6000', 'A6000', 'A6000', 'A6000', 'A6000', 'A6000', 'A6000', 'A6000', 'A6000', 'A6000', 'A6000', 'A6000', 'A6000', 'A6000']","[3, 3, 2, 3, 3, 3, 3, 3, 3, 2, 2, 2, 2, 2, 2, 4]",17.850406646728516,17.84494658199811,0.0,0.005461333319544792,True,49.13689041137695,16065488.951523675,1.285239116121894,2-3-2-3-3-3-3-3-3-2-2-2-2-2-2-3,16,68,0
32,2,4,16,1,zero1,False,"['A6000', 'A6000', 'A6000', 'A6000', 'A6000', 'A6000', 'A6000', 'A6000', 'A6000', 'A6000', 'A6000', 'A6000', 'A6000', 'A6000', 'A6000', 'A6000']","[3, 3, 2, 3, 3, 3, 3, 3, 3, 2, 2, 2, 2, 2, 2, 4]",17.850406646728516,17.84494658199811,0.0,0.005461333319544792,True,49.13689041137695,16065488.951523675,1.285239116121894,2-3-2-3-3-3-3-3-3-2-2-2-2-2-2-3,16,68,0
8,2,1,16,4,zero1,False,"['A6000', 'A6000', 'A6000', 'A6000', 'A6000', 'A6000', 'A6000', 'A6000', 'A6000', 'A6000', 'A6000', 'A6000', 'A6000', 'A6000', 'A6000', 'A6000']","[4, 3, 2, 3, 3, 3, 3, 3, 3, 2, 2, 2, 2, 2, 2, 3]",18.195140838623047,17.934695140763115,0.17306576669216156,0.08738133311271667,True,100.20123291015625,16375752.099064294,1.3100601679251436,3-3-2-3-3-3-3-3-3-2-2-2-2-2-2-2,16,70,0
8,2,1,16,4,zero0,False,"['A6000', 'A6000', 'A6000', 'A6000', 'A6000', 'A6000', 'A6000', 'A6000', 'A6000', 'A6000', 'A6000', 'A6000', 'A6000', 'A6000', 'A6000', 'A6000']","[4, 3, 2, 3, 3, 3, 3, 3, 3, 2, 2, 2, 2, 2, 2, 3]",18.195140838623047,17.934695140763115,0.17306576669216156,0.08738133311271667,True,110.33949279785156,16375752.099064294,1.3100601679251436,3-3-2-3-3-3-3-3-3-2-2-2-2-2-2-2,16,70,0
1,4,2,2,16,zero1,False,"['A6000', 'A6000', 'A6000', 'A6000', 'A6000', 'A6000', 'A6000', 'A6000', 'A6000', 'A6000', 'A6000', 'A6000', 'A6000', 'A6000', 'A6000', 'A6000']","[21, 21]",18.28784942626953,17.416715526979964,0.8274440765380859,0.04369066655635834,True,90.57447814941406,16459190.466605289,1.3167352373284231,20-20,16,72,0
1,4,2,2,16,zero0,False,"['A6000', 'A6000', 'A6000', 'A6000', 'A6000', 'A6000', 'A6000', 'A6000', 'A6000', 'A6000', 'A6000', 'A6000', 'A6000', 'A6000', 'A6000', 'A6000']","[21, 21]",18.28784942626953,17.416715526979964,0.8274440765380859,0.04369066655635834,True,128.325927734375,16459190.466605289,1.3167352373284231,20-20,16,72,0
4,2,1,8,8,zero0,False,"['A6000', 'A6000', 'A6000', 'A6000', 'A6000', 'A6000', 'A6000', 'A6000', 'A6000', 'A6000', 'A6000', 'A6000', 'A6000', 'A6000', 'A6000', 'A6000']","[6, 5, 5, 5, 5, 5, 5, 6]",18.425071716308594,17.93243666458124,0.40525516867637634,0.08738133311271667,True,103.50997161865234,16582691.472949557,1.3266153178359645,5-5-5-5-5-5-5-5,16,74,0
4,2,1,8,8,zero1,False,"['A6000', 'A6000', 'A6000', 'A6000', 'A6000', 'A6000', 'A6000', 'A6000', 'A6000', 'A6000', 'A6000', 'A6000', 'A6000', 'A6000', 'A6000', 'A6000']","[6, 5, 5, 5, 5, 5, 5, 6]",18.425071716308594,17.93243666458124,0.40525516867637634,0.08738133311271667,True,84.57624816894531,16582691.472949557,1.3266153178359645,5-5-5-5-5-5-5-5,16,74,0
4,4,4,4,4,zero0,False,"['A6000', 'A6000', 'A6000', 'A6000', 'A6000', 'A6000', 'A6000', 'A6000', 'A6000', 'A6000', 'A6000', 'A6000', 'A6000', 'A6000', 'A6000', 'A6000']","[11, 10, 10, 11]",18.59034538269043,18.378435522324956,0.19006477296352386,0.02184533327817917,True,120.7393798828125,16731438.911245134,1.3385151128996107,10-10-10-10,16,76,0
4,4,4,4,4,zero1,False,"['A6000', 'A6000', 'A6000', 'A6000', 'A6000', 'A6000', 'A6000', 'A6000', 'A6000', 'A6000', 'A6000', 'A6000', 'A6000', 'A6000', 'A6000', 'A6000']","[11, 10, 10, 11]",18.59034538269043,18.378435522324956,0.19006477296352386,0.02184533327817917,True,113.26914978027344,16731438.911245134,1.3385151128996107,10-10-10-10,16,76,0
8,4,4,8,2,zero0,False,"['A6000', 'A6000', 'A6000', 'A6000', 'A6000', 'A6000', 'A6000', 'A6000', 'A6000', 'A6000', 'A6000', 'A6000', 'A6000', 'A6000', 'A6000', 'A6000']","[6, 5, 5, 5, 5, 5, 5, 6]",19.772680282592773,19.687479966252468,0.0742775946855545,0.010922666639089584,True,119.27078247070312,17795548.466130998,1.4236438772904798,5-5-5-5-5-5-5-5,16,78,0
8,4,4,8,2,zero1,False,"['A6000', 'A6000', 'A6000', 'A6000', 'A6000', 'A6000', 'A6000', 'A6000', 'A6000', 'A6000', 'A6000', 'A6000', 'A6000', 'A6000', 'A6000', 'A6000']","[6, 5, 5, 5, 5, 5, 5, 6]",19.772680282592773,19.687479966252468,0.0742775946855545,0.010922666639089584,True,116.9038314819336,17795548.466130998,1.4236438772904798,5-5-5-5-5-5-5-5,16,78,0
32,2,2,32,1,zero1,False,"['A6000', 'A6000', 'A6000', 'A6000', 'A6000', 'A6000', 'A6000', 'A6000', 'A6000', 'A6000', 'A6000', 'A6000', 'A6000', 'A6000', 'A6000', 'A6000']","[2, 1, 2, 1, 1, 1, 2, 1, 2, 1, 2, 1, 2, 1, 2, 1, 2, 1, 2, 1, 1, 1, 1, 1, 1, 1, 1, 1, 1, 1, 1, 2]",19.842002868652344,19.831078637071872,0.0,0.010922666639089584,True,76.30059814453125,17857939.271140203,1.4286351416912162,1-1-2-1-1-1-2-1-2-1-2-1-2-1-2-1-2-1-2-1-1-1-1-1-1-1-1-1-1-1-1-1,16,80,0
32,2,2,32,1,zero0,False,"['A6000', 'A6000', 'A6000', 'A6000', 'A6000', 'A6000', 'A6000', 'A6000', 'A6000', 'A6000', 'A6000', 'A6000', 'A6000', 'A6000', 'A6000', 'A6000']","[2, 1, 2, 1, 1, 1, 2, 1, 2, 1, 2, 1, 2, 1, 2, 1, 2, 1, 2, 1, 1, 1, 1, 1, 1, 1, 1, 1, 1, 1, 1, 2]",19.842002868652344,19.831078637071872,0.0,0.010922666639089584,True,76.30059814453125,17857939.271140203,1.4286351416912162,1-1-2-1-1-1-2-1-2-1-2-1-2-1-2-1-2-1-2-1-1-1-1-1-1-1-1-1-1-1-1-1,16,80,0
16,2,1,32,2,zero0,False,"['A6000', 'A6000', 'A6000', 'A6000', 'A6000', 'A6000', 'A6000', 'A6000', 'A6000', 'A6000', 'A6000', 'A6000', 'A6000', 'A6000', 'A6000', 'A6000']","[3, 1, 2, 1, 1, 1, 2, 1, 2, 1, 2, 1, 2, 1, 2, 1, 2, 1, 1, 1, 1, 1, 1, 1, 1, 1, 1, 1, 1, 1, 1, 2]",20.002887725830078,19.87659010187185,0.08260700106620789,0.04369066655635834,True,137.26673889160156,18002736.750918068,1.4402189400734455,2-1-2-1-1-1-2-1-2-1-2-1-2-1-2-1-2-1-1-1-1-1-1-1-1-1-1-1-1-1-1-1,16,82,0
16,2,1,32,2,zero1,False,"['A6000', 'A6000', 'A6000', 'A6000', 'A6000', 'A6000', 'A6000', 'A6000', 'A6000', 'A6000', 'A6000', 'A6000', 'A6000', 'A6000', 'A6000', 'A6000']","[3, 1, 2, 1, 1, 1, 2, 1, 2, 1, 2, 1, 2, 1, 2, 1, 2, 1, 1, 1, 1, 1, 1, 1, 1, 1, 1, 1, 1, 1, 1, 2]",20.002887725830078,19.87659010187185,0.08260700106620789,0.04369066655635834,True,132.87574768066406,18002736.750918068,1.4402189400734455,2-1-2-1-1-1-2-1-2-1-2-1-2-1-2-1-2-1-1-1-1-1-1-1-1-1-1-1-1-1-1-1,16,82,0
1,8,4,2,8,zero0,False,"['A6000', 'A6000', 'A6000', 'A6000', 'A6000', 'A6000', 'A6000', 'A6000', 'A6000', 'A6000', 'A6000', 'A6000', 'A6000', 'A6000', 'A6000', 'A6000']","[21, 21]",21.804059982299805,21.376961601159937,0.4052552580833435,0.02184533327817917,True,123.67656707763672,19623804.189816367,1.5699043351853093,20-20,16,84,0
1,8,4,2,8,zero1,False,"['A6000', 'A6000', 'A6000', 'A6000', 'A6000', 'A6000', 'A6000', 'A6000', 'A6000', 'A6000', 'A6000', 'A6000', 'A6000', 'A6000', 'A6000', 'A6000']","[21, 21]",21.804059982299805,21.376961601159937,0.4052552580833435,0.02184533327817917,True,106.2515640258789,19623804.189816367,1.5699043351853093,20-20,16,84,0
2,4,2,4,8,zero0,False,"['A6000', 'A6000', 'A6000', 'A6000', 'A6000', 'A6000', 'A6000', 'A6000', 'A6000', 'A6000', 'A6000', 'A6000', 'A6000', 'A6000', 'A6000', 'A6000']","[11, 10, 10, 11]",21.89602279663086,21.447077842034975,0.40525516867637634,0.04369066655635834,True,110.55108642578125,19706571.356235925,1.576525708498874,10-10-10-10,16,86,0
2,4,2,4,8,zero1,False,"['A6000', 'A6000', 'A6000', 'A6000', 'A6000', 'A6000', 'A6000', 'A6000', 'A6000', 'A6000', 'A6000', 'A6000', 'A6000', 'A6000', 'A6000', 'A6000']","[11, 10, 10, 11]",21.89602279663086,21.447077842034975,0.40525516867637634,0.04369066655635834,True,92.6238021850586,19706571.356235925,1.576525708498874,10-10-10-10,16,86,0
16,4,4,16,1,zero1,False,"['A6000', 'A6000', 'A6000', 'A6000', 'A6000', 'A6000', 'A6000', 'A6000', 'A6000', 'A6000', 'A6000', 'A6000', 'A6000', 'A6000', 'A6000', 'A6000']","[3, 3, 2, 3, 3, 3, 3, 3, 3, 2, 2, 2, 2, 2, 2, 4]",22.45195770263672,22.4464974578162,0.0,0.005461333319544792,True,94.9802474975586,20206916.601414997,1.6165533281131996,2-3-2-3-3-3-3-3-3-2-2-2-2-2-2-3,16,88,0
16,4,4,16,1,zero0,False,"['A6000', 'A6000', 'A6000', 'A6000', 'A6000', 'A6000', 'A6000', 'A6000', 'A6000', 'A6000', 'A6000', 'A6000', 'A6000', 'A6000', 'A6000', 'A6000']","[3, 3, 2, 3, 3, 3, 3, 3, 3, 2, 2, 2, 2, 2, 2, 4]",22.45195770263672,22.4464974578162,0.0,0.005461333319544792,True,94.9802474975586,20206916.601414997,1.6165533281131996,2-3-2-3-3-3-3-3-3-2-2-2-2-2-2-3,16,88,0
8,4,2,16,2,zero0,False,"['A6000', 'A6000', 'A6000', 'A6000', 'A6000', 'A6000', 'A6000', 'A6000', 'A6000', 'A6000', 'A6000', 'A6000', 'A6000', 'A6000', 'A6000', 'A6000']","[3, 3, 2, 3, 3, 3, 3, 3, 3, 3, 2, 2, 2, 2, 2, 3]",23.64950942993164,23.57782801767251,0.04983683302998543,0.02184533327817917,True,78.07808685302734,21284721.405781213,1.702777712462497,2-3-2-3-3-3-3-3-3-3-2-2-2-2-2-2,16,90,0
8,4,2,16,2,zero1,False,"['A6000', 'A6000', 'A6000', 'A6000', 'A6000', 'A6000', 'A6000', 'A6000', 'A6000', 'A6000', 'A6000', 'A6000', 'A6000', 'A6000', 'A6000', 'A6000']","[3, 3, 2, 3, 3, 3, 3, 3, 3, 3, 2, 2, 2, 2, 2, 3]",23.64950942993164,23.57782801767251,0.04983683302998543,0.02184533327817917,True,75.88253021240234,21284721.405781213,1.702777712462497,2-3-2-3-3-3-3-3-3-3-2-2-2-2-2-2,16,90,0
4,4,2,8,4,zero1,False,"['A6000', 'A6000', 'A6000', 'A6000', 'A6000', 'A6000', 'A6000', 'A6000', 'A6000', 'A6000', 'A6000', 'A6000', 'A6000', 'A6000', 'A6000', 'A6000']","[6, 5, 5, 5, 5, 5, 5, 6]",23.82452392578125,23.59076939956248,0.19006478786468506,0.04369066655635834,True,93.77434539794922,21442235.657701276,1.7153788526161022,5-5-5-5-5-5-5-5,16,92,0
4,4,2,8,4,zero0,False,"['A6000', 'A6000', 'A6000', 'A6000', 'A6000', 'A6000', 'A6000', 'A6000', 'A6000', 'A6000', 'A6000', 'A6000', 'A6000', 'A6000', 'A6000', 'A6000']","[6, 5, 5, 5, 5, 5, 5, 6]",23.82452392578125,23.59076939956248,0.19006478786468506,0.04369066655635834,True,101.66365814208984,21442235.657701276,1.7153788526161022,5-5-5-5-5-5-5-5,16,92,0
2,8,4,4,4,zero0,False,"['A6000', 'A6000', 'A6000', 'A6000', 'A6000', 'A6000', 'A6000', 'A6000', 'A6000', 'A6000', 'A6000', 'A6000', 'A6000', 'A6000', 'A6000', 'A6000']","[11, 10, 10, 11]",26.214427947998047,26.002518602469948,0.19006477296352386,0.02184533327817917,True,120.7393798828125,23593165.741479658,1.8874532593183726,10-10-10-10,16,94,0
2,8,4,4,4,zero1,False,"['A6000', 'A6000', 'A6000', 'A6000', 'A6000', 'A6000', 'A6000', 'A6000', 'A6000', 'A6000', 'A6000', 'A6000', 'A6000', 'A6000', 'A6000', 'A6000']","[11, 10, 10, 11]",26.214427947998047,26.002518602469948,0.19006477296352386,0.02184533327817917,True,113.26914978027344,23593165.741479658,1.8874532593183726,10-10-10-10,16,94,0
16,4,2,32,1,zero0,False,"['A6000', 'A6000', 'A6000', 'A6000', 'A6000', 'A6000', 'A6000', 'A6000', 'A6000', 'A6000', 'A6000', 'A6000', 'A6000', 'A6000', 'A6000', 'A6000']","[2, 1, 2, 1, 1, 1, 2, 1, 2, 1, 2, 1, 2, 1, 2, 1, 2, 1, 2, 1, 1, 1, 1, 1, 1, 1, 1, 1, 1, 1, 1, 2]",26.448781967163086,26.437858010143728,0.0,0.010922666639089584,True,76.30059814453125,23804085.973166995,1.9043268778533595,1-1-2-1-1-1-2-1-2-1-2-1-2-1-2-1-2-1-2-1-1-1-1-1-1-1-1-1-1-1-1-1,16,96,0
16,4,2,32,1,zero1,False,"['A6000', 'A6000', 'A6000', 'A6000', 'A6000', 'A6000', 'A6000', 'A6000', 'A6000', 'A6000', 'A6000', 'A6000', 'A6000', 'A6000', 'A6000', 'A6000']","[2, 1, 2, 1, 1, 1, 2, 1, 2, 1, 2, 1, 2, 1, 2, 1, 2, 1, 2, 1, 1, 1, 1, 1, 1, 1, 1, 1, 1, 1, 1, 2]",26.448781967163086,26.437858010143728,0.0,0.010922666639089584,True,76.30059814453125,23804085.973166995,1.9043268778533595,1-1-2-1-1-1-2-1-2-1-2-1-2-1-2-1-2-1-2-1-1-1-1-1-1-1-1-1-1-1-1-1,16,96,0
1,4,1,4,16,zero1,False,"['A6000', 'A6000', 'A6000', 'A6000', 'A6000', 'A6000', 'A6000', 'A6000', 'A6000', 'A6000', 'A6000', 'A6000', 'A6000', 'A6000', 'A6000', 'A6000']","[11, 10, 10, 11]",26.708637237548828,25.79381269468999,0.8274438381195068,0.08738133311271667,True,86.78262329101562,24037957.506628245,1.9230366005302597,10-10-10-10,16,98,0
1,4,1,4,16,zero0,False,"['A6000', 'A6000', 'A6000', 'A6000', 'A6000', 'A6000', 'A6000', 'A6000', 'A6000', 'A6000', 'A6000', 'A6000', 'A6000', 'A6000', 'A6000', 'A6000']","[11, 10, 10, 11]",26.708637237548828,25.79381269468999,0.8274438381195068,0.08738133311271667,True,125.62371826171875,24037957.506628245,1.9230366005302597,10-10-10-10,16,98,0
4,8,4,8,2,zero1,False,"['A6000', 'A6000', 'A6000', 'A6000', 'A6000', 'A6000', 'A6000', 'A6000', 'A6000', 'A6000', 'A6000', 'A6000', 'A6000', 'A6000', 'A6000', 'A6000']","[6, 5, 5, 5, 5, 5, 5, 6]",28.53134536743164,28.446144411924966,0.0742775946855545,0.010922666639089584,True,116.9038314819336,25678407.37995656,2.0542725903965247,5-5-5-5-5-5-5-5,16,100,0
4,8,4,8,2,zero0,False,"['A6000', 'A6000', 'A6000', 'A6000', 'A6000', 'A6000', 'A6000', 'A6000', 'A6000', 'A6000', 'A6000', 'A6000', 'A6000', 'A6000', 'A6000', 'A6000']","[6, 5, 5, 5, 5, 5, 5, 6]",28.53134536743164,28.446144411924966,0.0742775946855545,0.010922666639089584,True,119.27078247070312,25678407.37995656,2.0542725903965247,5-5-5-5-5-5-5-5,16,100,0
2,4,1,8,8,zero0,False,"['A6000', 'A6000', 'A6000', 'A6000', 'A6000', 'A6000', 'A6000', 'A6000', 'A6000', 'A6000', 'A6000', 'A6000', 'A6000', 'A6000', 'A6000', 'A6000']","[6, 5, 5, 5, 5, 5, 5, 6]",29.518198013305664,29.025563036217488,0.40525516867637634,0.08738133311271667,True,103.50997161865234,26566581.55956141,2.1253265247649127,5-5-5-5-5-5-5-5,16,102,0
2,4,1,8,8,zero1,False,"['A6000', 'A6000', 'A6000', 'A6000', 'A6000', 'A6000', 'A6000', 'A6000', 'A6000', 'A6000', 'A6000', 'A6000', 'A6000', 'A6000', 'A6000', 'A6000']","[6, 5, 5, 5, 5, 5, 5, 6]",29.518198013305664,29.025563036217488,0.40525516867637634,0.08738133311271667,True,84.57624816894531,26566581.55956141,2.1253265247649127,5-5-5-5-5-5-5-5,16,102,0
4,4,1,16,4,zero1,False,"['A6000', 'A6000', 'A6000', 'A6000', 'A6000', 'A6000', 'A6000', 'A6000', 'A6000', 'A6000', 'A6000', 'A6000', 'A6000', 'A6000', 'A6000', 'A6000']","[4, 3, 2, 3, 3, 3, 3, 3, 3, 2, 2, 2, 2, 2, 2, 3]",30.211301803588867,29.95085611338124,0.17306576669216156,0.08738133311271667,True,100.20123291015625,27190379.74553129,2.175230379642503,3-3-2-3-3-3-3-3-3-2-2-2-2-2-2-2,16,104,0
4,4,1,16,4,zero0,False,"['A6000', 'A6000', 'A6000', 'A6000', 'A6000', 'A6000', 'A6000', 'A6000', 'A6000', 'A6000', 'A6000', 'A6000', 'A6000', 'A6000', 'A6000', 'A6000']","[4, 3, 2, 3, 3, 3, 3, 3, 3, 2, 2, 2, 2, 2, 2, 3]",30.211301803588867,29.95085611338124,0.17306576669216156,0.08738133311271667,True,110.33949279785156,27190379.74553129,2.175230379642503,3-3-2-3-3-3-3-3-3-2-2-2-2-2-2-2,16,104,0
8,8,4,16,1,zero0,False,"['A6000', 'A6000', 'A6000', 'A6000', 'A6000', 'A6000', 'A6000', 'A6000', 'A6000', 'A6000', 'A6000', 'A6000', 'A6000', 'A6000', 'A6000', 'A6000']","[3, 3, 2, 3, 3, 3, 3, 3, 3, 2, 2, 2, 2, 2, 2, 4]",31.655059814453125,31.649599209452475,0.0,0.005461333319544792,True,94.9802474975586,28489771.901197642,2.2791817520958113,2-3-2-3-3-3-3-3-3-2-2-2-2-2-2-3,16,106,0
8,8,4,16,1,zero1,False,"['A6000', 'A6000', 'A6000', 'A6000', 'A6000', 'A6000', 'A6000', 'A6000', 'A6000', 'A6000', 'A6000', 'A6000', 'A6000', 'A6000', 'A6000', 'A6000']","[3, 3, 2, 3, 3, 3, 3, 3, 3, 2, 2, 2, 2, 2, 2, 4]",31.655059814453125,31.649599209452475,0.0,0.005461333319544792,True,94.9802474975586,28489771.901197642,2.2791817520958113,2-3-2-3-3-3-3-3-3-2-2-2-2-2-2-3,16,106,0
8,4,1,32,2,zero0,False,"['A6000', 'A6000', 'A6000', 'A6000', 'A6000', 'A6000', 'A6000', 'A6000', 'A6000', 'A6000', 'A6000', 'A6000', 'A6000', 'A6000', 'A6000', 'A6000']","[3, 1, 2, 1, 1, 1, 2, 1, 2, 1, 2, 1, 2, 1, 2, 1, 2, 1, 1, 1, 1, 1, 1, 1, 1, 1, 1, 1, 1, 1, 1, 2]",32.26667022705078,32.140374770143715,0.08260700106620789,0.04369066655635834,True,137.26673889160156,29040225.485851705,2.3232180388681365,2-1-2-1-1-1-2-1-2-1-2-1-2-1-2-1-2-1-1-1-1-1-1-1-1-1-1-1-1-1-1-1,16,108,0
8,4,1,32,2,zero1,False,"['A6000', 'A6000', 'A6000', 'A6000', 'A6000', 'A6000', 'A6000', 'A6000', 'A6000', 'A6000', 'A6000', 'A6000', 'A6000', 'A6000', 'A6000', 'A6000']","[3, 1, 2, 1, 1, 1, 2, 1, 2, 1, 2, 1, 2, 1, 2, 1, 2, 1, 1, 1, 1, 1, 1, 1, 1, 1, 1, 1, 1, 1, 1, 2]",32.26667022705078,32.140374770143715,0.08260700106620789,0.04369066655635834,True,132.87574768066406,29040225.485851705,2.3232180388681365,2-1-2-1-1-1-2-1-2-1-2-1-2-1-2-1-2-1-1-1-1-1-1-1-1-1-1-1-1-1-1-1,16,108,0
1,8,2,4,8,zero0,False,"['A6000', 'A6000', 'A6000', 'A6000', 'A6000', 'A6000', 'A6000', 'A6000', 'A6000', 'A6000', 'A6000', 'A6000', 'A6000', 'A6000', 'A6000', 'A6000']","[11, 10, 10, 11]",34.53075408935547,34.081811834179966,0.40525516867637634,0.04369066655635834,True,110.55108642578125,31077916.55894809,2.486233324715847,10-10-10-10,16,110,0
1,8,2,4,8,zero1,False,"['A6000', 'A6000', 'A6000', 'A6000', 'A6000', 'A6000', 'A6000', 'A6000', 'A6000', 'A6000', 'A6000', 'A6000', 'A6000', 'A6000', 'A6000', 'A6000']","[11, 10, 10, 11]",34.53075408935547,34.081811834179966,0.40525516867637634,0.04369066655635834,True,92.6238021850586,31077916.55894809,2.486233324715847,10-10-10-10,16,110,0
2,8,2,8,4,zero0,False,"['A6000', 'A6000', 'A6000', 'A6000', 'A6000', 'A6000', 'A6000', 'A6000', 'A6000', 'A6000', 'A6000', 'A6000', 'A6000', 'A6000', 'A6000', 'A6000']","[6, 5, 5, 5, 5, 5, 5, 6]",38.431602478027344,38.197847749234974,0.19006478786468506,0.04369066655635834,True,101.66365814208984,34588706.9812639,2.767096558501112,5-5-5-5-5-5-5-5,16,112,0
2,8,2,8,4,zero1,False,"['A6000', 'A6000', 'A6000', 'A6000', 'A6000', 'A6000', 'A6000', 'A6000', 'A6000', 'A6000', 'A6000', 'A6000', 'A6000', 'A6000', 'A6000', 'A6000']","[6, 5, 5, 5, 5, 5, 5, 6]",38.431602478027344,38.197847749234974,0.19006478786468506,0.04369066655635834,True,93.77434539794922,34588706.9812639,2.767096558501112,5-5-5-5-5-5-5-5,16,112,0
4,8,2,16,2,zero0,False,"['A6000', 'A6000', 'A6000', 'A6000', 'A6000', 'A6000', 'A6000', 'A6000', 'A6000', 'A6000', 'A6000', 'A6000', 'A6000', 'A6000', 'A6000', 'A6000']","[3, 3, 2, 3, 3, 3, 3, 3, 3, 3, 2, 2, 2, 2, 2, 3]",39.344791412353516,39.273108450762486,0.04983683302998543,0.02184533327817917,True,78.07808685302734,35410583.31301455,2.8328466650411643,2-3-2-3-3-3-3-3-3-3-2-2-2-2-2-2,16,114,0
4,8,2,16,2,zero1,False,"['A6000', 'A6000', 'A6000', 'A6000', 'A6000', 'A6000', 'A6000', 'A6000', 'A6000', 'A6000', 'A6000', 'A6000', 'A6000', 'A6000', 'A6000', 'A6000']","[3, 3, 2, 3, 3, 3, 3, 3, 3, 3, 2, 2, 2, 2, 2, 3]",39.344791412353516,39.273108450762486,0.04983683302998543,0.02184533327817917,True,75.88253021240234,35410583.31301455,2.8328466650411643,2-3-2-3-3-3-3-3-3-3-2-2-2-2-2-2,16,114,0
1,16,4,4,4,zero0,False,"['A6000', 'A6000', 'A6000', 'A6000', 'A6000', 'A6000', 'A6000', 'A6000', 'A6000', 'A6000', 'A6000', 'A6000', 'A6000', 'A6000', 'A6000', 'A6000']","[11, 10, 10, 11]",41.46259689331055,41.25068476275993,0.19006477296352386,0.02184533327817917,True,120.7393798828125,37316622.83520253,2.9853298268162023,10-10-10-10,16,116,0
1,16,4,4,4,zero1,False,"['A6000', 'A6000', 'A6000', 'A6000', 'A6000', 'A6000', 'A6000', 'A6000', 'A6000', 'A6000', 'A6000', 'A6000', 'A6000', 'A6000', 'A6000', 'A6000']","[11, 10, 10, 11]",41.46259689331055,41.25068476275993,0.19006477296352386,0.02184533327817917,True,113.26914978027344,37316622.83520253,2.9853298268162023,10-10-10-10,16,116,0
8,8,2,32,1,zero0,False,"['A6000', 'A6000', 'A6000', 'A6000', 'A6000', 'A6000', 'A6000', 'A6000', 'A6000', 'A6000', 'A6000', 'A6000', 'A6000', 'A6000', 'A6000', 'A6000']","[2, 1, 2, 1, 1, 1, 2, 1, 2, 1, 2, 1, 2, 1, 2, 1, 2, 1, 2, 1, 1, 1, 1, 1, 1, 1, 1, 1, 1, 1, 1, 2]",42.14189529418945,42.13097286828746,0.0,0.010922666639089584,True,76.30059814453125,37927996.07560475,3.0342396860483802,1-1-2-1-1-1-2-1-2-1-2-1-2-1-2-1-2-1-2-1-1-1-1-1-1-1-1-1-1-1-1-1,16,118,0
8,8,2,32,1,zero1,False,"['A6000', 'A6000', 'A6000', 'A6000', 'A6000', 'A6000', 'A6000', 'A6000', 'A6000', 'A6000', 'A6000', 'A6000', 'A6000', 'A6000', 'A6000', 'A6000']","[2, 1, 2, 1, 1, 1, 2, 1, 2, 1, 2, 1, 2, 1, 2, 1, 2, 1, 2, 1, 1, 1, 1, 1, 1, 1, 1, 1, 1, 1, 1, 2]",42.14189529418945,42.13097286828746,0.0,0.010922666639089584,True,76.30059814453125,37927996.07560475,3.0342396860483802,1-1-2-1-1-1-2-1-2-1-2-1-2-1-2-1-2-1-2-1-1-1-1-1-1-1-1-1-1-1-1-1,16,118,0
2,16,4,8,2,zero1,False,"['A6000', 'A6000', 'A6000', 'A6000', 'A6000', 'A6000', 'A6000', 'A6000', 'A6000', 'A6000', 'A6000', 'A6000', 'A6000', 'A6000', 'A6000', 'A6000']","[6, 5, 5, 5, 5, 5, 5, 6]",46.04867172241211,45.96347330326995,0.0742775946855545,0.010922666639089584,True,116.9038314819336,41444121.77435387,3.3155297419483096,5-5-5-5-5-5-5-5,16,120,0
2,16,4,8,2,zero0,False,"['A6000', 'A6000', 'A6000', 'A6000', 'A6000', 'A6000', 'A6000', 'A6000', 'A6000', 'A6000', 'A6000', 'A6000', 'A6000', 'A6000', 'A6000', 'A6000']","[6, 5, 5, 5, 5, 5, 5, 6]",46.04867172241211,45.96347330326995,0.0742775946855545,0.010922666639089584,True,119.27078247070312,41444121.77435387,3.3155297419483096,5-5-5-5-5-5-5-5,16,120,0
4,16,4,16,1,zero0,False,"['A6000', 'A6000', 'A6000', 'A6000', 'A6000', 'A6000', 'A6000', 'A6000', 'A6000', 'A6000', 'A6000', 'A6000', 'A6000', 'A6000', 'A6000', 'A6000']","[3, 3, 2, 3, 3, 3, 3, 3, 3, 2, 2, 2, 2, 2, 2, 4]",50.06126403808594,50.05580271272496,0.0,0.005461333319544792,True,94.9802474975586,45055482.50076293,3.6044386000610347,2-3-2-3-3-3-3-3-3-2-2-2-2-2-2-3,16,122,0
4,16,4,16,1,zero1,False,"['A6000', 'A6000', 'A6000', 'A6000', 'A6000', 'A6000', 'A6000', 'A6000', 'A6000', 'A6000', 'A6000', 'A6000', 'A6000', 'A6000', 'A6000', 'A6000']","[3, 3, 2, 3, 3, 3, 3, 3, 3, 2, 2, 2, 2, 2, 2, 4]",50.06126403808594,50.05580271272496,0.0,0.005461333319544792,True,94.9802474975586,45055482.50076293,3.6044386000610347,2-3-2-3-3-3-3-3-3-2-2-2-2-2-2-3,16,122,0
1,8,1,8,8,zero1,False,"['A6000', 'A6000', 'A6000', 'A6000', 'A6000', 'A6000', 'A6000', 'A6000', 'A6000', 'A6000', 'A6000', 'A6000', 'A6000', 'A6000', 'A6000', 'A6000']","[6, 5, 5, 5, 5, 5, 5, 6]",51.70444869995117,51.21181577948998,0.40525516867637634,0.08738133311271667,True,84.57624816894531,46534360.01615821,3.7227488012926564,5-5-5-5-5-5-5-5,16,124,0
1,8,1,8,8,zero0,False,"['A6000', 'A6000', 'A6000', 'A6000', 'A6000', 'A6000', 'A6000', 'A6000', 'A6000', 'A6000', 'A6000', 'A6000', 'A6000', 'A6000', 'A6000', 'A6000']","[6, 5, 5, 5, 5, 5, 5, 6]",51.70444869995117,51.21181577948998,0.40525516867637634,0.08738133311271667,True,103.50997161865234,46534360.01615821,3.7227488012926564,5-5-5-5-5-5-5-5,16,124,0
2,8,1,16,4,zero0,False,"['A6000', 'A6000', 'A6000', 'A6000', 'A6000', 'A6000', 'A6000', 'A6000', 'A6000', 'A6000', 'A6000', 'A6000', 'A6000', 'A6000', 'A6000', 'A6000']","[4, 3, 2, 3, 3, 3, 3, 3, 3, 2, 2, 2, 2, 2, 2, 3]",54.243621826171875,53.98317805861749,0.17306576669216156,0.08738133311271667,True,110.33949279785156,48819633.32183837,3.90557066574707,3-3-2-3-3-3-3-3-3-2-2-2-2-2-2-2,16,126,0
2,8,1,16,4,zero1,False,"['A6000', 'A6000', 'A6000', 'A6000', 'A6000', 'A6000', 'A6000', 'A6000', 'A6000', 'A6000', 'A6000', 'A6000', 'A6000', 'A6000', 'A6000', 'A6000']","[4, 3, 2, 3, 3, 3, 3, 3, 3, 2, 2, 2, 2, 2, 2, 3]",54.243621826171875,53.98317805861749,0.17306576669216156,0.08738133311271667,True,100.20123291015625,48819633.32183837,3.90557066574707,3-3-2-3-3-3-3-3-3-2-2-2-2-2-2-2,16,126,0
4,8,1,32,2,zero0,False,"['A6000', 'A6000', 'A6000', 'A6000', 'A6000', 'A6000', 'A6000', 'A6000', 'A6000', 'A6000', 'A6000', 'A6000', 'A6000', 'A6000', 'A6000', 'A6000']","[3, 1, 2, 1, 1, 1, 2, 1, 2, 1, 2, 1, 2, 1, 2, 1, 2, 1, 1, 1, 1, 1, 1, 1, 1, 1, 1, 1, 1, 1, 1, 2]",56.79424285888672,56.667944106687436,0.08260700106620789,0.04369066655635834,True,137.26673889160156,51115209.82222663,4.08921678577813,2-1-2-1-1-1-2-1-2-1-2-1-2-1-2-1-2-1-1-1-1-1-1-1-1-1-1-1-1-1-1-1,16,128,0
4,8,1,32,2,zero1,False,"['A6000', 'A6000', 'A6000', 'A6000', 'A6000', 'A6000', 'A6000', 'A6000', 'A6000', 'A6000', 'A6000', 'A6000', 'A6000', 'A6000', 'A6000', 'A6000']","[3, 1, 2, 1, 1, 1, 2, 1, 2, 1, 2, 1, 2, 1, 2, 1, 2, 1, 1, 1, 1, 1, 1, 1, 1, 1, 1, 1, 1, 1, 1, 2]",56.79424285888672,56.667944106687436,0.08260700106620789,0.04369066655635834,True,132.87574768066406,51115209.82222663,4.08921678577813,2-1-2-1-1-1-2-1-2-1-2-1-2-1-2-1-2-1-1-1-1-1-1-1-1-1-1-1-1-1-1-1,16,128,0
1,16,2,8,4,zero0,False,"['A6000', 'A6000', 'A6000', 'A6000', 'A6000', 'A6000', 'A6000', 'A6000', 'A6000', 'A6000', 'A6000', 'A6000', 'A6000', 'A6000', 'A6000', 'A6000']","[6, 5, 5, 5, 5, 5, 5, 6]",67.64575958251953,67.41200444857998,0.19006478786468506,0.04369066655635834,True,101.66365814208984,60881649.628389135,4.870531970271131,5-5-5-5-5-5-5-5,16,130,0
1,16,2,8,4,zero1,False,"['A6000', 'A6000', 'A6000', 'A6000', 'A6000', 'A6000', 'A6000', 'A6000', 'A6000', 'A6000', 'A6000', 'A6000', 'A6000', 'A6000', 'A6000', 'A6000']","[6, 5, 5, 5, 5, 5, 5, 6]",67.64575958251953,67.41200444857998,0.19006478786468506,0.04369066655635834,True,93.77434539794922,60881649.628389135,4.870531970271131,5-5-5-5-5-5-5-5,16,130,0
2,16,2,16,2,zero0,False,"['A6000', 'A6000', 'A6000', 'A6000', 'A6000', 'A6000', 'A6000', 'A6000', 'A6000', 'A6000', 'A6000', 'A6000', 'A6000', 'A6000', 'A6000', 'A6000']","[3, 3, 2, 3, 3, 3, 3, 3, 3, 3, 2, 2, 2, 2, 2, 3]",70.94454956054688,70.872868859635,0.04983683302998543,0.02184533327817917,True,78.07808685302734,63850583.33361138,5.10804666668891,2-3-2-3-3-3-3-3-3-3-2-2-2-2-2-2,16,132,0
2,16,2,16,2,zero1,False,"['A6000', 'A6000', 'A6000', 'A6000', 'A6000', 'A6000', 'A6000', 'A6000', 'A6000', 'A6000', 'A6000', 'A6000', 'A6000', 'A6000', 'A6000', 'A6000']","[3, 3, 2, 3, 3, 3, 3, 3, 3, 3, 2, 2, 2, 2, 2, 3]",70.94454956054688,70.872868859635,0.04983683302998543,0.02184533327817917,True,75.88253021240234,63850583.33361138,5.10804666668891,2-3-2-3-3-3-3-3-3-3-2-2-2-2-2-2,16,132,0
4,16,2,32,1,zero1,False,"['A6000', 'A6000', 'A6000', 'A6000', 'A6000', 'A6000', 'A6000', 'A6000', 'A6000', 'A6000', 'A6000', 'A6000', 'A6000', 'A6000', 'A6000', 'A6000']","[2, 1, 2, 1, 1, 1, 2, 1, 2, 1, 2, 1, 2, 1, 2, 1, 2, 1, 2, 1, 1, 1, 1, 1, 1, 1, 1, 1, 1, 1, 1, 2]",74.35464477539062,74.3437212885749,0.0,0.010922666639089584,True,76.30059814453125,66919692.518737786,5.353575401499023,1-1-2-1-1-1-2-1-2-1-2-1-2-1-2-1-2-1-2-1-1-1-1-1-1-1-1-1-1-1-1-1,16,134,0
4,16,2,32,1,zero0,False,"['A6000', 'A6000', 'A6000', 'A6000', 'A6000', 'A6000', 'A6000', 'A6000', 'A6000', 'A6000', 'A6000', 'A6000', 'A6000', 'A6000', 'A6000', 'A6000']","[2, 1, 2, 1, 1, 1, 2, 1, 2, 1, 2, 1, 2, 1, 2, 1, 2, 1, 2, 1, 1, 1, 1, 1, 1, 1, 1, 1, 1, 1, 1, 2]",74.35464477539062,74.3437212885749,0.0,0.010922666639089584,True,76.30059814453125,66919692.518737786,5.353575401499023,1-1-2-1-1-1-2-1-2-1-2-1-2-1-2-1-2-1-2-1-1-1-1-1-1-1-1-1-1-1-1-1,16,134,0
1,32,4,8,2,zero0,False,"['A6000', 'A6000', 'A6000', 'A6000', 'A6000', 'A6000', 'A6000', 'A6000', 'A6000', 'A6000', 'A6000', 'A6000', 'A6000', 'A6000', 'A6000', 'A6000']","[6, 5, 5, 5, 5, 5, 5, 6]",81.08333587646484,80.99813108595993,0.0742775946855545,0.010922666639089584,True,119.27078247070312,72975560.86290994,5.838044869032796,5-5-5-5-5-5-5-5,16,136,0
1,32,4,8,2,zero1,False,"['A6000', 'A6000', 'A6000', 'A6000', 'A6000', 'A6000', 'A6000', 'A6000', 'A6000', 'A6000', 'A6000', 'A6000', 'A6000', 'A6000', 'A6000', 'A6000']","[6, 5, 5, 5, 5, 5, 5, 6]",81.08333587646484,80.99813108595993,0.0742775946855545,0.010922666639089584,True,116.9038314819336,72975560.86290994,5.838044869032796,5-5-5-5-5-5-5-5,16,136,0
2,32,4,16,1,zero0,False,"['A6000', 'A6000', 'A6000', 'A6000', 'A6000', 'A6000', 'A6000', 'A6000', 'A6000', 'A6000', 'A6000', 'A6000', 'A6000', 'A6000', 'A6000', 'A6000']","[3, 3, 2, 3, 3, 3, 3, 3, 3, 2, 2, 2, 2, 2, 2, 4]",86.87367248535156,86.86820971926994,0.0,0.005461333319544792,True,94.9802474975586,78186903.69989352,6.254952295991481,2-3-2-3-3-3-3-3-3-2-2-2-2-2-2-3,16,138,0
2,32,4,16,1,zero1,False,"['A6000', 'A6000', 'A6000', 'A6000', 'A6000', 'A6000', 'A6000', 'A6000', 'A6000', 'A6000', 'A6000', 'A6000', 'A6000', 'A6000', 'A6000', 'A6000']","[3, 3, 2, 3, 3, 3, 3, 3, 3, 2, 2, 2, 2, 2, 2, 4]",86.87367248535156,86.86820971926994,0.0,0.005461333319544792,True,94.9802474975586,78186903.69989352,6.254952295991481,2-3-2-3-3-3-3-3-3-2-2-2-2-2-2-3,16,138,0
1,16,1,16,4,zero0,False,"['A6000', 'A6000', 'A6000', 'A6000', 'A6000', 'A6000', 'A6000', 'A6000', 'A6000', 'A6000', 'A6000', 'A6000', 'A6000', 'A6000', 'A6000', 'A6000']","[4, 3, 2, 3, 3, 3, 3, 3, 3, 2, 2, 2, 2, 2, 2, 3]",102.30826568603516,102.04782194908998,0.17306576669216156,0.08738133311271667,True,110.33949279785156,92078143.90770635,7.3662515126165085,3-3-2-3-3-3-3-3-3-2-2-2-2-2-2-2,16,140,0
1,16,1,16,4,zero1,False,"['A6000', 'A6000', 'A6000', 'A6000', 'A6000', 'A6000', 'A6000', 'A6000', 'A6000', 'A6000', 'A6000', 'A6000', 'A6000', 'A6000', 'A6000', 'A6000']","[4, 3, 2, 3, 3, 3, 3, 3, 3, 2, 2, 2, 2, 2, 2, 3]",102.30826568603516,102.04782194908998,0.17306576669216156,0.08738133311271667,True,100.20123291015625,92078143.90770635,7.3662515126165085,3-3-2-3-3-3-3-3-3-2-2-2-2-2-2-2,16,140,0
2,16,1,32,2,zero0,False,"['A6000', 'A6000', 'A6000', 'A6000', 'A6000', 'A6000', 'A6000', 'A6000', 'A6000', 'A6000', 'A6000', 'A6000', 'A6000', 'A6000', 'A6000', 'A6000']","[3, 1, 2, 1, 1, 1, 2, 1, 2, 1, 2, 1, 2, 1, 2, 1, 2, 1, 1, 1, 1, 1, 1, 1, 1, 1, 1, 1, 1, 1, 1, 2]",105.84938049316406,105.72308277977488,0.08260700106620789,0.04369066655635834,True,137.26673889160156,95265171.62846881,7.621213730277505,2-1-2-1-1-1-2-1-2-1-2-1-2-1-2-1-2-1-1-1-1-1-1-1-1-1-1-1-1-1-1-1,16,142,0
2,16,1,32,2,zero1,False,"['A6000', 'A6000', 'A6000', 'A6000', 'A6000', 'A6000', 'A6000', 'A6000', 'A6000', 'A6000', 'A6000', 'A6000', 'A6000', 'A6000', 'A6000', 'A6000']","[3, 1, 2, 1, 1, 1, 2, 1, 2, 1, 2, 1, 2, 1, 2, 1, 2, 1, 1, 1, 1, 1, 1, 1, 1, 1, 1, 1, 1, 1, 1, 2]",105.84938049316406,105.72308277977488,0.08260700106620789,0.04369066655635834,True,132.87574768066406,95265171.62846881,7.621213730277505,2-1-2-1-1-1-2-1-2-1-2-1-2-1-2-1-2-1-1-1-1-1-1-1-1-1-1-1-1-1-1-1,16,142,0
1,32,2,16,2,zero0,False,"['A6000', 'A6000', 'A6000', 'A6000', 'A6000', 'A6000', 'A6000', 'A6000', 'A6000', 'A6000', 'A6000', 'A6000', 'A6000', 'A6000', 'A6000', 'A6000']","[3, 3, 2, 3, 3, 3, 3, 3, 3, 3, 2, 2, 2, 2, 2, 3]",134.14407348632812,134.07238967738002,0.04983683302998543,0.02184533327817917,True,78.07808685302734,120730590.24131265,9.658447219305012,2-3-2-3-3-3-3-3-3-3-2-2-2-2-2-2,16,144,0
1,32,2,16,2,zero1,False,"['A6000', 'A6000', 'A6000', 'A6000', 'A6000', 'A6000', 'A6000', 'A6000', 'A6000', 'A6000', 'A6000', 'A6000', 'A6000', 'A6000', 'A6000', 'A6000']","[3, 3, 2, 3, 3, 3, 3, 3, 3, 3, 2, 2, 2, 2, 2, 3]",134.14407348632812,134.07238967738002,0.04983683302998543,0.02184533327817917,True,75.88253021240234,120730590.24131265,9.658447219305012,2-3-2-3-3-3-3-3-3-3-2-2-2-2-2-2,16,144,0
2,32,2,32,1,zero0,False,"['A6000', 'A6000', 'A6000', 'A6000', 'A6000', 'A6000', 'A6000', 'A6000', 'A6000', 'A6000', 'A6000', 'A6000', 'A6000', 'A6000', 'A6000', 'A6000']","[2, 1, 2, 1, 1, 1, 2, 1, 2, 1, 2, 1, 2, 1, 2, 1, 2, 1, 2, 1, 1, 1, 1, 1, 1, 1, 1, 1, 1, 1, 1, 2]",138.78013610839844,138.76921812914978,0.0,0.010922666639089584,True,76.30059814453125,124903078.53849621,9.992246283079696,1-1-2-1-1-1-2-1-2-1-2-1-2-1-2-1-2-1-2-1-1-1-1-1-1-1-1-1-1-1-1-1,16,146,0
2,32,2,32,1,zero1,False,"['A6000', 'A6000', 'A6000', 'A6000', 'A6000', 'A6000', 'A6000', 'A6000', 'A6000', 'A6000', 'A6000', 'A6000', 'A6000', 'A6000', 'A6000', 'A6000']","[2, 1, 2, 1, 1, 1, 2, 1, 2, 1, 2, 1, 2, 1, 2, 1, 2, 1, 2, 1, 1, 1, 1, 1, 1, 1, 1, 1, 1, 1, 1, 2]",138.78013610839844,138.76921812914978,0.0,0.010922666639089584,True,76.30059814453125,124903078.53849621,9.992246283079696,1-1-2-1-1-1-2-1-2-1-2-1-2-1-2-1-2-1-2-1-1-1-1-1-1-1-1-1-1-1-1-1,16,146,0
1,64,4,16,1,zero0,False,"['A6000', 'A6000', 'A6000', 'A6000', 'A6000', 'A6000', 'A6000', 'A6000', 'A6000', 'A6000', 'A6000', 'A6000', 'A6000', 'A6000', 'A6000', 'A6000']","[3, 3, 2, 3, 3, 3, 3, 3, 3, 2, 2, 2, 2, 2, 2, 4]",160.4984893798828,160.49302373235994,0.0,0.005461333319544792,True,94.9802474975586,144449746.0981547,11.555979687852375,2-3-2-3-3-3-3-3-3-2-2-2-2-2-2-3,16,148,0
1,64,4,16,1,zero1,False,"['A6000', 'A6000', 'A6000', 'A6000', 'A6000', 'A6000', 'A6000', 'A6000', 'A6000', 'A6000', 'A6000', 'A6000', 'A6000', 'A6000', 'A6000', 'A6000']","[3, 3, 2, 3, 3, 3, 3, 3, 3, 2, 2, 2, 2, 2, 2, 4]",160.4984893798828,160.49302373235994,0.0,0.005461333319544792,True,94.9802474975586,144449746.0981547,11.555979687852375,2-3-2-3-3-3-3-3-3-2-2-2-2-2-2-3,16,148,0
1,32,1,32,2,zero0,False,"['A6000', 'A6000', 'A6000', 'A6000', 'A6000', 'A6000', 'A6000', 'A6000', 'A6000', 'A6000', 'A6000', 'A6000', 'A6000', 'A6000', 'A6000', 'A6000']","[3, 1, 2, 1, 1, 1, 2, 1, 2, 1, 2, 1, 2, 1, 2, 1, 2, 1, 1, 1, 1, 1, 1, 1, 1, 1, 1, 1, 1, 1, 1, 2]",203.95965576171875,203.83336012594978,0.08260700106620789,0.04369066655635834,True,137.26673889160156,183565095.2409532,14.685207619276257,2-1-2-1-1-1-2-1-2-1-2-1-2-1-2-1-2-1-1-1-1-1-1-1-1-1-1-1-1-1-1-1,16,150,0
1,32,1,32,2,zero1,False,"['A6000', 'A6000', 'A6000', 'A6000', 'A6000', 'A6000', 'A6000', 'A6000', 'A6000', 'A6000', 'A6000', 'A6000', 'A6000', 'A6000', 'A6000', 'A6000']","[3, 1, 2, 1, 1, 1, 2, 1, 2, 1, 2, 1, 2, 1, 2, 1, 2, 1, 1, 1, 1, 1, 1, 1, 1, 1, 1, 1, 1, 1, 1, 2]",203.95965576171875,203.83336012594978,0.08260700106620789,0.04369066655635834,True,132.87574768066406,183565095.2409532,14.685207619276257,2-1-2-1-1-1-2-1-2-1-2-1-2-1-2-1-2-1-1-1-1-1-1-1-1-1-1-1-1-1-1-1,16,150,0
1,64,2,32,1,zero0,False,"['A6000', 'A6000', 'A6000', 'A6000', 'A6000', 'A6000', 'A6000', 'A6000', 'A6000', 'A6000', 'A6000', 'A6000', 'A6000', 'A6000', 'A6000', 'A6000']","[2, 1, 2, 1, 1, 1, 2, 1, 2, 1, 2, 1, 2, 1, 2, 1, 2, 1, 2, 1, 1, 1, 1, 1, 1, 1, 1, 1, 1, 1, 1, 2]",267.6311340332031,267.62021181029957,0.0,0.010922666639089584,True,76.30059814453125,240869864.31102836,19.269589144882268,1-1-2-1-1-1-2-1-2-1-2-1-2-1-2-1-2-1-2-1-1-1-1-1-1-1-1-1-1-1-1-1,16,152,0
1,64,2,32,1,zero1,False,"['A6000', 'A6000', 'A6000', 'A6000', 'A6000', 'A6000', 'A6000', 'A6000', 'A6000', 'A6000', 'A6000', 'A6000', 'A6000', 'A6000', 'A6000', 'A6000']","[2, 1, 2, 1, 1, 1, 2, 1, 2, 1, 2, 1, 2, 1, 2, 1, 2, 1, 2, 1, 1, 1, 1, 1, 1, 1, 1, 1, 1, 1, 1, 2]",267.6311340332031,267.62021181029957,0.0,0.010922666639089584,True,76.30059814453125,240869864.31102836,19.269589144882268,1-1-2-1-1-1-2-1-2-1-2-1-2-1-2-1-2-1-2-1-1-1-1-1-1-1-1-1-1-1-1-1,16,152,0
